track_id,track_title,audio_file_name,audio_path,source_url,license
edm_001,alex morgan heavy dubstep bass drop edm 530942,alex-morgan-heavy-dubstep-bass-drop-edm-530942.mp3,D:\running\mobile-running-music-backend-starter\data\audio\edm_samples\alex-morgan-heavy-dubstep-bass-drop-edm-530942.mp3,,
edm_002,alexgrohl energetic action sport 500409,alexgrohl-energetic-action-sport-500409.mp3,D:\running\mobile-running-music-backend-starter\data\audio\edm_samples\alexgrohl-energetic-action-sport-500409.mp3,,
edm_003,alexgrohl miami beach edm 454166,alexgrohl-miami-beach-edm-454166.mp3,D:\running\mobile-running-music-backend-starter\data\audio\edm_samples\alexgrohl-miami-beach-edm-454166.mp3,,
edm_004,allworldmusic epic fast bitwise edm 276879,allworldmusic-epic-fast-bitwise-edm-276879.mp3,D:\running\mobile-running-music-backend-starter\data\audio\edm_samples\allworldmusic-epic-fast-bitwise-edm-276879.mp3,,
edm_005,allworldmusic fast glitchy edm 282231,allworldmusic-fast-glitchy-edm-282231.mp3,D:\running\mobile-running-music-backend-starter\data\audio\edm_samples\allworldmusic-fast-glitchy-edm-282231.mp3,,
edm_006,ashika006 edm 512189,ashika006-edm-512189.mp3,D:\running\mobile-running-music-backend-starter\data\audio\edm_samples\ashika006-edm-512189.mp3,,
edm_007,atlasaudio energetic energetic music 507828,atlasaudio-energetic-energetic-music-507828.mp3,D:\running\mobile-running-music-backend-starter\data\audio\edm_samples\atlasaudio-energetic-energetic-music-507828.mp3,,
edm_008,diogodasilvasimoes forever edm trance vibes 489439,diogodasilvasimoes-forever-edm-trance-vibes-489439.mp3,D:\running\mobile-running-music-backend-starter\data\audio\edm_samples\diogodasilvasimoes-forever-edm-trance-vibes-489439.mp3,,
edm_009,diogodasilvasimoes unity mainstage dark edm 489435,diogodasilvasimoes-unity-mainstage-dark-edm-489435.mp3,D:\running\mobile-running-music-backend-starter\data\audio\edm_samples\diogodasilvasimoes-unity-mainstage-dark-edm-489435.mp3,,
edm_010,djdoblina edm short 504668,djdoblina-edm-short-504668.mp3,D:\running\mobile-running-music-backend-starter\data\audio\edm_samples\djdoblina-edm-short-504668.mp3,,
edm_011,jakob welik falling into you after the drop 463854,jakob_welik-falling-into-you-after-the-drop-463854.mp3,D:\running\mobile-running-music-backend-starter\data\audio\edm_samples\jakob_welik-falling-into-you-after-the-drop-463854.mp3,,
edm_012,jakob welik neon skies 463849,jakob_welik-neon-skies-463849.mp3,D:\running\mobile-running-music-backend-starter\data\audio\edm_samples\jakob_welik-neon-skies-463849.mp3,,
edm_013,jakob welik runaway lights 463852,jakob_welik-runaway-lights-463852.mp3,D:\running\mobile-running-music-backend-starter\data\audio\edm_samples\jakob_welik-runaway-lights-463852.mp3,,
edm_014,jakob welik we own the night 463855,jakob_welik-we-own-the-night-463855.mp3,D:\running\mobile-running-music-backend-starter\data\audio\edm_samples\jakob_welik-we-own-the-night-463855.mp3,,
edm_015,jonasblakewood energetic 513175,jonasblakewood-energetic-513175.mp3,D:\running\mobile-running-music-backend-starter\data\audio\edm_samples\jonasblakewood-energetic-513175.mp3,,
edm_016,jonasblakewood energetic 524192,jonasblakewood-energetic-524192.mp3,D:\running\mobile-running-music-backend-starter\data\audio\edm_samples\jonasblakewood-energetic-524192.mp3,,
edm_017,kaazoom wildfire nights 1 min edit country western edm fusion music 456234,kaazoom-wildfire-nights-1-min-edit-country-western-edm-fusion-music-456234.mp3,D:\running\mobile-running-music-backend-starter\data\audio\edm_samples\kaazoom-wildfire-nights-1-min-edit-country-western-edm-fusion-music-456234.mp3,,
edm_018,kornevmusic summer edm 540721,kornevmusic-summer-edm-540721.mp3,D:\running\mobile-running-music-backend-starter\data\audio\edm_samples\kornevmusic-summer-edm-540721.mp3,,
edm_019,kornevmusic summer edm upbeat 540720,kornevmusic-summer-edm-upbeat-540720.mp3,D:\running\mobile-running-music-backend-starter\data\audio\edm_samples\kornevmusic-summer-edm-upbeat-540720.mp3,,
edm_020,ludosoundx edm club music 265781,ludosoundx-edm-club-music-265781.mp3,D:\running\mobile-running-music-backend-starter\data\audio\edm_samples\ludosoundx-edm-club-music-265781.mp3,,
edm_021,paulyudin energetic 490392,paulyudin-energetic-490392.mp3,D:\running\mobile-running-music-backend-starter\data\audio\edm_samples\paulyudin-energetic-490392.mp3,,
edm_022,sapan4 edm gaming music 335408,sapan4-edm-gaming-music-335408.mp3,D:\running\mobile-running-music-backend-starter\data\audio\edm_samples\sapan4-edm-gaming-music-335408.mp3,,
edm_023,soulfuljamtracks bigroom festival edm music 266118,soulfuljamtracks-bigroom-festival-edm-music-266118.mp3,D:\running\mobile-running-music-backend-starter\data\audio\edm_samples\soulfuljamtracks-bigroom-festival-edm-music-266118.mp3,,
edm_024,the mountain energy edm 155588,the_mountain-energy-edm-155588.mp3,D:\running\mobile-running-music-backend-starter\data\audio\edm_samples\the_mountain-energy-edm-155588.mp3,,
edm_025,tokyorifft club orbitverticaledm 477960,tokyorifft-club-orbitverticaledm-477960.mp3,D:\running\mobile-running-music-backend-starter\data\audio\edm_samples\tokyorifft-club-orbitverticaledm-477960.mp3,,
edm_026,track1,track1.mp3,D:\running\mobile-running-music-backend-starter\data\audio\edm_samples\track1.mp3,,
edm_027,track2,track2.mp3,D:\running\mobile-running-music-backend-starter\data\audio\edm_samples\track2.mp3,,
edm_028,track3,track3.mp3,D:\running\mobile-running-music-backend-starter\data\audio\edm_samples\track3.mp3,,
edm_029,track4,track4.mp3,D:\running\mobile-running-music-backend-starter\data\audio\edm_samples\track4.mp3,,
edm_030,track5,track5.mp3,D:\running\mobile-running-music-backend-starter\data\audio\edm_samples\track5.mp3,,
edm_031,track6,track6.mp3,D:\running\mobile-running-music-backend-starter\data\audio\edm_samples\track6.mp3,,
edm_032,vjgalaxy edm celtic music 01 482037,vjgalaxy-edm-celtic-music-01-482037.mp3,D:\running\mobile-running-music-backend-starter\data\audio\edm_samples\vjgalaxy-edm-celtic-music-01-482037.mp3,,
